reference_id	safe_name	reference_fasta	primer_bed	consensus	poscounts	inscounts	log
CY040449.1	CY040449.1	CY040449.1.reference.fas		CY040449.1.consensus.fas	CY040449.1.poscounts.tsv	CY040449.1.inscounts.json	CY040449.1.viral_consensus.log
CY040450.1	CY040450.1	CY040450.1.reference.fas		CY040450.1.consensus.fas	CY040450.1.poscounts.tsv	CY040450.1.inscounts.json	CY040450.1.viral_consensus.log
CY040451.1	CY040451.1	CY040451.1.reference.fas		CY040451.1.consensus.fas	CY040451.1.poscounts.tsv	CY040451.1.inscounts.json	CY040451.1.viral_consensus.log
CY040452.1	CY040452.1	CY040452.1.reference.fas		CY040452.1.consensus.fas	CY040452.1.poscounts.tsv	CY040452.1.inscounts.json	CY040452.1.viral_consensus.log
CY040453.1	CY040453.1	CY040453.1.reference.fas		CY040453.1.consensus.fas	CY040453.1.poscounts.tsv	CY040453.1.inscounts.json	CY040453.1.viral_consensus.log
CY040454.1	CY040454.1	CY040454.1.reference.fas		CY040454.1.consensus.fas	CY040454.1.poscounts.tsv	CY040454.1.inscounts.json	CY040454.1.viral_consensus.log
CY040455.1	CY040455.1	CY040455.1.reference.fas		CY040455.1.consensus.fas	CY040455.1.poscounts.tsv	CY040455.1.inscounts.json	CY040455.1.viral_consensus.log
CY040456.1	CY040456.1	CY040456.1.reference.fas		CY040456.1.consensus.fas	CY040456.1.poscounts.tsv	CY040456.1.inscounts.json	CY040456.1.viral_consensus.log
NC_007366.1	NC_007366.1	NC_007366.1.reference.fas		NC_007366.1.consensus.fas	NC_007366.1.poscounts.tsv	NC_007366.1.inscounts.json	NC_007366.1.viral_consensus.log
NC_007367.1	NC_007367.1	NC_007367.1.reference.fas		NC_007367.1.consensus.fas	NC_007367.1.poscounts.tsv	NC_007367.1.inscounts.json	NC_007367.1.viral_consensus.log
NC_007368.1	NC_007368.1	NC_007368.1.reference.fas		NC_007368.1.consensus.fas	NC_007368.1.poscounts.tsv	NC_007368.1.inscounts.json	NC_007368.1.viral_consensus.log
NC_007369.1	NC_007369.1	NC_007369.1.reference.fas		NC_007369.1.consensus.fas	NC_007369.1.poscounts.tsv	NC_007369.1.inscounts.json	NC_007369.1.viral_consensus.log
NC_007370.1	NC_007370.1	NC_007370.1.reference.fas		NC_007370.1.consensus.fas	NC_007370.1.poscounts.tsv	NC_007370.1.inscounts.json	NC_007370.1.viral_consensus.log
NC_007371.1	NC_007371.1	NC_007371.1.reference.fas		NC_007371.1.consensus.fas	NC_007371.1.poscounts.tsv	NC_007371.1.inscounts.json	NC_007371.1.viral_consensus.log
NC_007372.1	NC_007372.1	NC_007372.1.reference.fas		NC_007372.1.consensus.fas	NC_007372.1.poscounts.tsv	NC_007372.1.inscounts.json	NC_007372.1.viral_consensus.log
NC_007373.1	NC_007373.1	NC_007373.1.reference.fas		NC_007373.1.consensus.fas	NC_007373.1.poscounts.tsv	NC_007373.1.inscounts.json	NC_007373.1.viral_consensus.log
NC_026431.1	NC_026431.1	NC_026431.1.reference.fas		NC_026431.1.consensus.fas	NC_026431.1.poscounts.tsv	NC_026431.1.inscounts.json	NC_026431.1.viral_consensus.log
NC_026432.1	NC_026432.1	NC_026432.1.reference.fas		NC_026432.1.consensus.fas	NC_026432.1.poscounts.tsv	NC_026432.1.inscounts.json	NC_026432.1.viral_consensus.log
NC_026433.1	NC_026433.1	NC_026433.1.reference.fas		NC_026433.1.consensus.fas	NC_026433.1.poscounts.tsv	NC_026433.1.inscounts.json	NC_026433.1.viral_consensus.log
NC_026434.1	NC_026434.1	NC_026434.1.reference.fas		NC_026434.1.consensus.fas	NC_026434.1.poscounts.tsv	NC_026434.1.inscounts.json	NC_026434.1.viral_consensus.log
NC_026435.1	NC_026435.1	NC_026435.1.reference.fas		NC_026435.1.consensus.fas	NC_026435.1.poscounts.tsv	NC_026435.1.inscounts.json	NC_026435.1.viral_consensus.log
NC_026436.1	NC_026436.1	NC_026436.1.reference.fas		NC_026436.1.consensus.fas	NC_026436.1.poscounts.tsv	NC_026436.1.inscounts.json	NC_026436.1.viral_consensus.log
NC_026437.1	NC_026437.1	NC_026437.1.reference.fas		NC_026437.1.consensus.fas	NC_026437.1.poscounts.tsv	NC_026437.1.inscounts.json	NC_026437.1.viral_consensus.log
NC_026438.1	NC_026438.1	NC_026438.1.reference.fas		NC_026438.1.consensus.fas	NC_026438.1.poscounts.tsv	NC_026438.1.inscounts.json	NC_026438.1.viral_consensus.log
NC_045512.2	NC_045512.2	NC_045512.2.reference.fas		NC_045512.2.consensus.fas	NC_045512.2.poscounts.tsv	NC_045512.2.inscounts.json	NC_045512.2.viral_consensus.log
OP890336.1	OP890336.1	OP890336.1.reference.fas		OP890336.1.consensus.fas	OP890336.1.poscounts.tsv	OP890336.1.inscounts.json	OP890336.1.viral_consensus.log
OP965707.1	OP965707.1	OP965707.1.reference.fas		OP965707.1.consensus.fas	OP965707.1.poscounts.tsv	OP965707.1.inscounts.json	OP965707.1.viral_consensus.log
NC_039199.1	NC_039199.1	NC_039199.1.reference.fas		NC_039199.1.consensus.fas	NC_039199.1.poscounts.tsv	NC_039199.1.inscounts.json	NC_039199.1.viral_consensus.log
NC_023891.1	NC_023891.1	NC_023891.1.reference.fas		NC_023891.1.consensus.fas	NC_023891.1.poscounts.tsv	NC_023891.1.inscounts.json	NC_023891.1.viral_consensus.log
